"SquirrelID","Age","Gender","SquirrelHollywood","BurrowLoc","MoveInDate","AcornCount","BankSavings"
1,4.4,"Female",0,"Chestnut Suites",2021-08-15,8848,87.8
2,4,"Female",0,"Hazelnut Inn",2020-05-18,9421,81.8
3,8.8,"Female",0,"Hazelnut Inn",2024-12-28,9085,106.3
4,7.1,"Male",0,"Hazelnut Inn",2021-04-14,605,107.3
5,1.5,"Female",0,"Oak Hill Lounge",2025-08-24,868,128.6
6,4.6,"Male",0,"Almond Village",2025-05-26,3202,105.4
7,9.4,"Male",0,"Kola Nut Apartments",2023-11-21,9391,98.3
8,12.9,"Male",0,"Peanut Pines",2025-08-13,8202,90.1
9,10.2,"Female",0,"Chestnut Suites",2023-11-05,3374,91.9
10,12.2,"Male",0,"Peanut Pines",2025-10-25,881,104.7
11,7.2,"Male",0,"Peanut Pines",2023-11-26,4711,105.8
12,11.6,"Female",0,"Oak Hill Lounge",2020-05-06,1059,110.3
13,5.9,"Male",0,"Oak Hill Lounge",2020-04-12,4318,102.4
14,6.8,"Female",0,"Peanut Pines",2021-10-24,39,108.8
15,10.4,"Male",1,"Peanut Pines",2022-12-09,4662,100393.1
16,12.4,"Female",0,"Oak Hill Lounge",2025-09-07,3502,87.3
17,5.3,"Female",0,"Peanut Pines",2024-03-31,2056,89
18,8.5,"Female",0,"Hazelnut Inn",2023-07-28,7264,100.9
19,10.2,"Female",0,"Hazelnut Inn",2024-02-02,5734,101.2
20,9.6,"Male",0,"Almond Village",2021-05-25,8287,104.9
21,9.8,"Male",0,"Peanut Pines",2023-12-01,5891,94.2
22,9.1,"Male",0,"Hazelnut Inn",2024-05-26,6522,116.5
23,7.2,"Female",0,"Peanut Pines",2020-08-23,8781,99.4
24,14.5,"Female",0,"Almond Village",2025-02-23,7773,99.4
25,3.2,"Male",1,"Chestnut Suites",2020-12-25,4335,100243.7
26,13,"Female",0,"Kola Nut Apartments",2020-07-19,6081,100.2
27,9.9,"Male",0,"Oak Hill Lounge",2025-01-08,1654,95.6
28,6,"Female",0,"Almond Village",2025-08-12,8695,88.1
29,8,"Female",0,"Kola Nut Apartments",2025-03-12,5089,91.6
30,8.8,"Female",0,"Kola Nut Apartments",2024-03-12,3309,101.5
31,3.9,"Male",0,"Peanut Pines",2022-01-12,1471,113.8
32,5.7,"Male",0,"Hazelnut Inn",2021-01-09,3770,97.4
33,5,"Male",0,"Peanut Pines",2024-05-20,201,111.8
34,6.6,"Male",0,"Kola Nut Apartments",2024-03-30,491,97.1
35,8.2,"Male",0,"Kola Nut Apartments",2023-01-26,6900,95.2
36,7.4,"Female",0,"Peanut Pines",2025-02-14,3076,91.9
37,6.5,"Female",0,"Oak Hill Lounge",2021-10-01,7500,96.2
38,10.1,"Male",0,"Almond Village",2021-10-14,9007,91.4
39,10.3,"Female",0,"Oak Hill Lounge",2021-02-26,8874,96.8
40,11.1,"Male",0,"Hazelnut Inn",2020-12-12,9242,85
41,9,"Female",0,"Hazelnut Inn",2023-11-30,6861,101.1
42,5.5,"Female",0,"Kola Nut Apartments",2025-02-14,104,78.9
43,5.1,"Male",0,"Almond Village",2022-09-25,3264,77.8
44,-0.2,"Male",0,"Kola Nut Apartments",2021-03-10,5406,110.2
45,9.1,"Female",0,"Chestnut Suites",2024-04-06,7721,105.6
46,9.9,"Male",0,"Peanut Pines",2020-10-13,3684,100.3
47,10.3,"Female",0,"Hazelnut Inn",2025-09-23,3342,103
48,10.9,"Female",0,"Almond Village",2022-12-02,9063,75.8
49,4.5,"Male",1,"Chestnut Suites",2024-12-26,6517,100586.1
50,8.5,"Male",0,"Kola Nut Apartments",2020-12-08,4703,102.5
51,7.5,"Female",0,"Hazelnut Inn",2021-03-31,5850,91.6
52,5.2,"Female",0,"Peanut Pines",2022-01-24,3489,92.3
53,8.7,"Female",0,"Kola Nut Apartments",2022-04-15,1723,92.9
54,10.2,"Female",0,"Oak Hill Lounge",2025-08-23,5615,99.2
55,4.6,"Female",0,"Hazelnut Inn",2020-10-29,2609,88
56,8.4,"Female",0,"Oak Hill Lounge",2021-12-27,2708,118.9
57,6.3,"Female",0,"Peanut Pines",2021-02-06,2349,97.5
58,9.7,"Female",0,"Kola Nut Apartments",2023-07-04,7320,93.3
59,14.9,"Male",0,"Kola Nut Apartments",2020-06-09,6411,80
60,9.6,"Female",0,"Oak Hill Lounge",2020-07-10,7318,91.2
61,10.3,"Male",0,"Kola Nut Apartments",2020-05-12,9798,104.5
62,6.2,"Female",0,"Hazelnut Inn",2025-04-08,6807,106.7
63,5.9,"Female",0,"Kola Nut Apartments",2023-06-27,6136,95.4
64,2.1,"Male",0,"Peanut Pines",2020-06-03,322,111.1
65,7.6,"Female",0,"Kola Nut Apartments",2025-04-04,360,92.8
66,7.5,"Female",0,"Hazelnut Inn",2023-11-27,9732,111.2
67,8.4,"Female",0,"Oak Hill Lounge",2024-07-14,1523,111.9
68,6.7,"Female",0,"Oak Hill Lounge",2023-04-12,6128,93.6
69,5.9,"Female",0,"Oak Hill Lounge",2022-09-19,7952,106.9
70,13.4,"Male",0,"Peanut Pines",2024-05-08,6722,112.2
71,10.1,"Male",0,"Chestnut Suites",2024-01-20,9413,109.2
72,8.2,"Male",0,"Oak Hill Lounge",2021-06-29,3605,92.7
73,5.8,"Female",0,"Peanut Pines",2025-12-07,5206,107.2
74,7.7,"Male",0,"Hazelnut Inn",2024-01-30,7061,97.4
75,11.1,"Female",0,"Kola Nut Apartments",2024-10-11,1426,88.4
76,10.7,"Female",0,"Peanut Pines",2021-06-21,1701,97.9
77,10.5,"Male",0,"Almond Village",2022-02-27,4108,80.1
78,10.1,"Male",0,"Kola Nut Apartments",2025-02-19,1871,94.3
79,6.6,"Female",0,"Chestnut Suites",2025-09-18,5118,75.8
80,6.2,"Male",0,"Kola Nut Apartments",2024-10-14,890,97.3
81,4.5,"Female",0,"Kola Nut Apartments",2022-03-26,1511,99.8
82,6.7,"Female",0,"Oak Hill Lounge",2020-04-10,4765,89.7
83,10.4,"Male",1,"Chestnut Suites",2022-06-24,4397,99985.5
84,8.7,"Female",0,"Hazelnut Inn",2025-09-26,2177,97.9
85,10.5,"Female",0,"Almond Village",2025-02-12,2291,81.1
86,4.4,"Female",0,"Kola Nut Apartments",2022-05-21,3850,100.3
87,6.8,"Male",0,"Hazelnut Inn",2025-06-10,5631,118.6
88,10.3,"Male",0,"Peanut Pines",2022-09-15,1559,111
89,12.2,"Male",0,"Kola Nut Apartments",2023-11-29,4517,108.8
90,7,"Female",0,"Hazelnut Inn",2023-08-11,5965,115.9
91,8.7,"Female",0,"Hazelnut Inn",2021-04-29,590,89.6
92,8.6,"Male",0,"Hazelnut Inn",2021-05-31,9270,106.6
93,9.8,"Female",1,"Chestnut Suites",2024-05-06,3072,100187.8
94,6.6,"Male",0,"Kola Nut Apartments",2025-02-16,2857,88.1
95,9,"Female",0,"Kola Nut Apartments",2021-01-23,7127,106.6
96,5.5,"Male",0,"Chestnut Suites",2021-07-30,2757,99.5
97,6.4,"Male",0,"Peanut Pines",2024-07-14,3182,91.8
98,4,"Male",0,"Hazelnut Inn",2024-03-01,1107,108.3
99,6.6,"Female",0,"Kola Nut Apartments",2024-05-24,4522,98.2
100,6.9,"Male",0,"Almond Village",2023-03-30,5093,109.8
101,6,"Male",0,"Oak Hill Lounge",2023-11-27,6842,113.8
102,8,"Male",0,"Chestnut Suites",2021-11-13,4737,108.2
103,2,"Male",0,"Almond Village",2024-02-07,6621,100.6
104,8.7,"Female",0,"Hazelnut Inn",2021-03-16,6925,110.6
105,5.7,"Female",0,"Hazelnut Inn",2021-09-24,5134,95.2
106,7.8,"Male",0,"Kola Nut Apartments",2020-11-26,7194,84.5
107,6.9,"Male",0,"Kola Nut Apartments",2022-03-24,4397,99.4
108,10.3,"Male",0,"Kola Nut Apartments",2023-03-26,5164,94.1
109,10,"Female",0,"Kola Nut Apartments",2021-12-24,3156,106.6
110,11.5,"Male",0,"Almond Village",2024-04-08,1968,87.3
111,10.9,"Female",0,"Kola Nut Apartments",2022-06-20,3313,109.6
112,8.6,"Female",0,"Kola Nut Apartments",2021-10-26,5341,93
113,2.5,"Female",0,"Peanut Pines",2020-12-21,4447,85.5
114,12.7,"Female",0,"Hazelnut Inn",2024-05-07,461,100.8
115,9,"Male",1,"Chestnut Suites",2024-03-11,4362,100193.3
116,7.4,"Female",1,"Chestnut Suites",2021-02-10,8215,99893.6
117,6.1,"Female",0,"Almond Village",2025-02-04,7595,96.3
118,5.7,"Male",0,"Peanut Pines",2025-04-19,2597,102.2
119,7.2,"Male",0,"Kola Nut Apartments",2025-10-16,8951,96.9
120,9.3,"Male",0,"Hazelnut Inn",2024-05-26,228,102.4
121,12.8,"Female",0,"Peanut Pines",2023-06-06,4643,112.5
122,6,"Female",0,"Peanut Pines",2020-07-15,235,99.7
123,9.4,"Female",0,"Hazelnut Inn",2024-11-22,1881,98.7
124,7.5,"Female",0,"Oak Hill Lounge",2025-09-15,24,91.1
125,11.4,"Male",0,"Peanut Pines",2021-03-24,1036,93.5
126,5.2,"Female",0,"Peanut Pines",2023-04-19,1820,89.4
127,11.2,"Female",0,"Hazelnut Inn",2024-08-08,3680,100
128,10.3,"Male",0,"Hazelnut Inn",2025-09-01,8722,108.4
129,8.3,"Female",0,"Oak Hill Lounge",2020-03-11,5725,96.2
130,5.2,"Male",0,"Peanut Pines",2023-08-25,5179,97.4
131,7.8,"Female",0,"Kola Nut Apartments",2021-09-17,451,101.7
132,6.6,"Male",0,"Hazelnut Inn",2024-08-21,6550,106.8
133,8.4,"Female",0,"Hazelnut Inn",2020-02-04,6002,93.3
134,7.5,"Male",0,"Kola Nut Apartments",2023-02-10,7252,94.1
135,11.6,"Female",0,"Chestnut Suites",2020-06-19,6324,89.6
136,9.7,"Male",0,"Hazelnut Inn",2024-02-16,8912,94
137,9.3,"Male",0,"Oak Hill Lounge",2021-06-15,8255,112.5
138,12.1,"Female",0,"Oak Hill Lounge",2024-11-16,4991,92.9
139,8.2,"Male",0,"Kola Nut Apartments",2022-08-21,1951,104
140,4.2,"Male",0,"Peanut Pines",2025-06-24,9626,87.1
141,4.7,"Female",0,"Kola Nut Apartments",2023-08-02,6005,96.6
142,6.1,"Female",0,"Kola Nut Apartments",2021-09-29,7919,106.5
143,12.2,"Male",0,"Hazelnut Inn",2025-12-16,5449,112.6
144,12.1,"Male",0,"Kola Nut Apartments",2020-09-03,3261,87.6
145,8.3,"Male",0,"Hazelnut Inn",2021-11-25,9037,97.5
146,10.6,"Male",1,"Chestnut Suites",2021-12-13,8721,99639.4
147,11,"Female",0,"Oak Hill Lounge",2021-04-17,1302,111.1
148,12.6,"Male",0,"Oak Hill Lounge",2023-12-20,1220,107.8
149,13.5,"Male",0,"Hazelnut Inn",2023-05-03,3403,80.2
150,10.7,"Male",1,"Chestnut Suites",2020-10-26,3016,100080.1
151,6.3,"Male",0,"Almond Village",2023-01-18,4013,104
152,9.9,"Female",0,"Hazelnut Inn",2023-11-21,2952,106.9
153,12.8,"Male",0,"Oak Hill Lounge",2023-06-22,313,94
154,10.3,"Female",0,"Almond Village",2024-12-29,7967,88.9
155,3.1,"Male",0,"Hazelnut Inn",2025-08-26,1409,96.6
156,5.5,"Female",0,"Oak Hill Lounge",2023-06-01,9074,93.5
157,5.9,"Male",1,"Chestnut Suites",2024-04-24,8292,100717.4
158,12.2,"Female",0,"Oak Hill Lounge",2020-03-31,412,86.5
159,8,"Female",1,"Peanut Pines",2023-10-21,5106,100792.3
160,9.4,"Male",0,"Almond Village",2021-02-14,7238,108.6
161,7.2,"Female",0,"Oak Hill Lounge",2022-11-06,3739,102
162,10.1,"Male",0,"Kola Nut Apartments",2021-10-12,509,88.8
163,10.4,"Female",0,"Hazelnut Inn",2022-08-05,3733,93.6
164,8.4,"Female",0,"Hazelnut Inn",2021-09-08,7669,106.4
165,10.8,"Male",1,"Peanut Pines",2024-07-21,757,100627.1
166,3.9,"Male",0,"Kola Nut Apartments",2020-06-20,8303,87.9
167,9,"Male",0,"Hazelnut Inn",2021-11-21,4938,103.9
168,4.7,"Male",0,"Kola Nut Apartments",2024-08-04,902,97
169,11.3,"Female",0,"Oak Hill Lounge",2020-05-28,4011,99.1
170,8.5,"Male",0,"Chestnut Suites",2025-04-01,731,94.3
171,11.3,"Female",0,"Oak Hill Lounge",2021-04-12,9749,110.8
172,3.3,"Male",0,"Hazelnut Inn",2022-08-22,145,120.4
173,2.5,"Female",0,"Peanut Pines",2021-07-03,3009,101.1
174,7,"Male",0,"Hazelnut Inn",2022-09-12,6115,106.8
175,10.8,"Male",0,"Hazelnut Inn",2025-01-07,5257,97.3
176,12.2,"Male",0,"Hazelnut Inn",2022-01-17,507,82.6
177,8.3,"Male",0,"Oak Hill Lounge",2025-12-14,8460,99.9
178,4.4,"Female",0,"Oak Hill Lounge",2025-09-18,7989,112
179,13.1,"Male",0,"Oak Hill Lounge",2024-08-06,2070,104.1
180,4.2,"Female",1,"Peanut Pines",2024-01-24,8033,99293.1
181,8.6,"Female",0,"Oak Hill Lounge",2022-10-14,4198,110.8
182,2.4,"Male",0,"Kola Nut Apartments",2022-10-20,5766,95.4
183,11.8,"Female",0,"Hazelnut Inn",2022-12-26,9439,99.3
184,7.2,"Female",0,"Kola Nut Apartments",2023-06-23,8233,112.2
185,7.1,"Female",0,"Almond Village",2022-02-07,2317,97.8
186,6.4,"Male",0,"Peanut Pines",2022-03-03,7554,95.9
187,6.1,"Male",0,"Oak Hill Lounge",2024-11-08,1785,92.5
188,4.4,"Male",1,"Chestnut Suites",2025-11-14,6292,99676.5
189,4.7,"Female",0,"Peanut Pines",2025-09-27,5618,91.9
190,1.3,"Male",0,"Kola Nut Apartments",2022-11-08,6477,112.2
191,10.8,"Male",0,"Oak Hill Lounge",2023-08-25,9745,100.8
192,9.7,"Female",0,"Peanut Pines",2024-07-19,9239,114
193,3.8,"Male",0,"Peanut Pines",2025-07-30,4128,95
194,4,"Female",0,"Oak Hill Lounge",2025-05-27,6889,113.5
195,9.4,"Female",0,"Hazelnut Inn",2021-04-03,8279,106.6
196,12.5,"Female",0,"Peanut Pines",2021-07-27,1265,94.2
197,13.6,"Female",0,"Kola Nut Apartments",2023-10-26,1480,93.4
198,6.3,"Female",0,"Oak Hill Lounge",2020-12-14,9268,104.5
199,7.7,"Female",1,"Chestnut Suites",2025-08-15,9737,100030
200,4,"Female",0,"Hazelnut Inn",2025-12-03,7787,101.7
201,5.1,"Male",0,"Almond Village",2025-11-14,2893,89.8
202,5.8,"Male",0,"Almond Village",2024-11-19,3089,101.2
203,5.7,"Male",0,"Peanut Pines",2024-05-20,4274,98
204,8.8,"Male",0,"Almond Village",2024-01-02,6316,120.8
205,6.3,"Male",0,"Kola Nut Apartments",2025-01-12,5651,105.2
206,13.5,"Female",0,"Oak Hill Lounge",2020-07-01,5185,93.1
207,3.5,"Male",1,"Chestnut Suites",2023-03-10,5382,100281.3
208,6.9,"Male",0,"Kola Nut Apartments",2021-03-01,561,108.1
209,-1.4,"Female",0,"Chestnut Suites",2020-04-23,5797,110
210,5.7,"Female",0,"Peanut Pines",2022-11-16,581,103.9
211,13.7,"Female",0,"Kola Nut Apartments",2024-10-18,7003,103.7
212,5.4,"Female",0,"Kola Nut Apartments",2023-08-18,5174,98.7
213,5.7,"Female",0,"Peanut Pines",2020-04-11,5148,84.9
214,3.6,"Male",0,"Oak Hill Lounge",2025-02-19,9072,102.1
215,1.6,"Male",0,"Chestnut Suites",2022-03-26,8508,101.7
216,9.8,"Male",0,"Oak Hill Lounge",2020-10-18,2774,107.3
217,8.9,"Female",0,"Almond Village",2021-11-28,6138,104.5
218,4.1,"Male",0,"Peanut Pines",2023-12-08,9364,82.5
219,5,"Female",0,"Oak Hill Lounge",2024-12-31,283,105.7
220,9.2,"Female",0,"Oak Hill Lounge",2020-03-17,6357,101.7
221,7.6,"Female",1,"Chestnut Suites",2024-04-07,1588,100221.5
222,11,"Male",0,"Kola Nut Apartments",2021-06-27,6762,105.3
223,6.3,"Male",0,"Hazelnut Inn",2020-12-17,926,97.4
224,7.2,"Male",0,"Hazelnut Inn",2023-07-04,1013,101.2
225,9.3,"Female",0,"Almond Village",2020-06-14,1049,123
226,12.3,"Female",0,"Almond Village",2022-04-05,9530,96
227,2.4,"Male",0,"Kola Nut Apartments",2022-09-02,2065,99.4
228,7.5,"Male",0,"Almond Village",2022-03-02,8757,97.7
229,10.1,"Female",0,"Kola Nut Apartments",2021-07-09,1295,86.1
230,7.1,"Male",0,"Hazelnut Inn",2024-04-14,6840,104.5
231,11.9,"Male",0,"Peanut Pines",2023-06-04,8420,100.6
232,9.6,"Female",0,"Oak Hill Lounge",2025-05-03,4550,116.8
233,9.3,"Female",1,"Chestnut Suites",2021-02-05,8848,99704.2
234,9.3,"Male",0,"Kola Nut Apartments",2021-02-02,4792,95
235,7.9,"Female",0,"Almond Village",2025-07-17,3302,106.5
236,5.7,"Male",1,"Chestnut Suites",2025-09-18,5597,100221
237,2.5,"Female",1,"Almond Village",2021-11-22,6298,100276
238,4.7,"Male",0,"Kola Nut Apartments",2021-11-29,9740,78.6
239,6.7,"Male",0,"Oak Hill Lounge",2024-07-07,4798,99.3
240,5.9,"Male",0,"Kola Nut Apartments",2021-08-09,871,103.3
241,7.4,"Male",0,"Oak Hill Lounge",2025-08-01,6908,99.2
242,7.2,"Male",0,"Almond Village",2024-12-17,7738,117.7
243,4.4,"Male",1,"Chestnut Suites",2023-05-22,6269,100017.1
244,5.5,"Female",1,"Chestnut Suites",2025-01-25,497,101308.7
245,2,"Female",0,"Oak Hill Lounge",2021-11-28,8610,95.9
246,3.4,"Female",0,"Kola Nut Apartments",2021-04-10,7969,101
247,10.2,"Male",0,"Oak Hill Lounge",2025-09-06,483,90.8
248,4.9,"Female",0,"Kola Nut Apartments",2020-01-25,1651,107.5
249,6.6,"Male",0,"Peanut Pines",2023-06-17,4268,105.1
250,2.7,"Female",0,"Hazelnut Inn",2023-03-25,4381,104.1
251,10.7,"Female",0,"Oak Hill Lounge",2020-06-07,8407,88.8
252,2.4,"Male",0,"Hazelnut Inn",2022-10-13,717,93.7
253,4.1,"Male",0,"Almond Village",2021-02-04,7109,85.9
254,11.1,"Female",0,"Almond Village",2023-09-03,440,98.8
255,8.9,"Female",1,"Kola Nut Apartments",2023-08-14,8138,100859.7
256,6.1,"Male",0,"Kola Nut Apartments",2025-04-18,3210,89.4
257,10.8,"Male",0,"Almond Village",2025-02-05,5235,98.7
258,8.2,"Female",0,"Oak Hill Lounge",2025-01-30,4844,113.1
259,6,"Male",0,"Hazelnut Inn",2020-08-10,7781,106.7
260,9.1,"Male",0,"Kola Nut Apartments",2025-01-27,7221,100.8
261,7.4,"Female",0,"Almond Village",2022-09-20,9808,97.7
262,7.8,"Female",0,"Peanut Pines",2025-09-10,7497,91
263,4.1,"Male",0,"Oak Hill Lounge",2023-05-09,9788,82.7
264,6.9,"Female",0,"Oak Hill Lounge",2024-05-18,551,96.8
265,7.6,"Female",0,"Almond Village",2022-10-09,1897,100.8
266,2.8,"Female",0,"Oak Hill Lounge",2020-08-13,5307,94.9
267,11.6,"Male",0,"Oak Hill Lounge",2024-05-02,3170,88.4
268,9.3,"Male",0,"Peanut Pines",2024-07-29,6208,110.4
269,5.5,"Male",0,"Kola Nut Apartments",2022-06-01,7045,106.6
270,11.1,"Female",0,"Oak Hill Lounge",2024-03-19,9903,87.7
271,3.1,"Female",1,"Hazelnut Inn",2020-10-13,2675,100304.5
272,13.5,"Female",0,"Kola Nut Apartments",2024-03-12,7143,105.2
273,11.9,"Male",0,"Peanut Pines",2023-12-16,6347,92.2
274,9.4,"Male",0,"Peanut Pines",2024-07-26,1400,99.7
275,11.4,"Female",0,"Oak Hill Lounge",2023-12-05,7297,93
276,5,"Female",0,"Kola Nut Apartments",2022-11-07,1024,96.7
277,9.2,"Male",0,"Oak Hill Lounge",2025-08-27,3137,106.4
278,3.8,"Female",1,"Chestnut Suites",2020-08-18,6253,99169.3
279,6.3,"Male",1,"Chestnut Suites",2025-10-18,3454,99543.5
280,10.6,"Female",0,"Oak Hill Lounge",2025-07-30,1425,99.3
281,6.5,"Female",0,"Hazelnut Inn",2021-05-13,8400,96.7
282,2.3,"Female",0,"Kola Nut Apartments",2023-03-04,1059,81.1
283,5.3,"Female",0,"Hazelnut Inn",2022-07-28,7934,106.6
284,10.6,"Female",0,"Peanut Pines",2025-11-17,55,111.2
285,5.7,"Male",0,"Peanut Pines",2022-01-11,1811,107.1
286,3,"Male",0,"Oak Hill Lounge",2020-05-18,741,113.4
287,8,"Female",0,"Hazelnut Inn",2025-11-13,9763,97.4
288,10.3,"Female",0,"Almond Village",2020-10-17,3686,87.3
289,7.5,"Male",0,"Oak Hill Lounge",2021-09-25,5773,90.7
290,8,"Female",0,"Peanut Pines",2022-04-10,2814,97.2
291,13.2,"Male",0,"Kola Nut Apartments",2023-01-09,7650,97.6
292,11.2,"Male",0,"Kola Nut Apartments",2025-09-10,83,95.9
293,9.9,"Male",0,"Kola Nut Apartments",2025-07-24,851,104.8
294,8.4,"Female",0,"Oak Hill Lounge",2025-12-05,7221,83.8
295,9.4,"Male",0,"Peanut Pines",2022-07-30,1689,93.6
296,6.4,"Female",0,"Peanut Pines",2020-11-23,578,116.1
297,6.9,"Female",0,"Oak Hill Lounge",2020-11-14,8420,111
298,5.5,"Female",0,"Almond Village",2024-11-29,3994,108.1
299,9.1,"Female",0,"Oak Hill Lounge",2021-03-31,6846,100.9
300,4.8,"Male",0,"Peanut Pines",2024-11-09,4094,93
301,10.1,"Female",0,"Hazelnut Inn",2020-06-25,8563,104.8
302,6.8,"Male",0,"Oak Hill Lounge",2025-08-31,1807,95.9
303,10.9,"Female",1,"Chestnut Suites",2024-10-31,9071,99992.8
304,8.1,"Male",0,"Hazelnut Inn",2020-05-21,2869,104.8
305,14.3,"Female",0,"Oak Hill Lounge",2021-04-01,2542,109.3
306,9.8,"Male",0,"Chestnut Suites",2021-04-07,6037,86
307,3.5,"Male",0,"Peanut Pines",2020-04-22,6169,115.9
308,6.8,"Female",0,"Peanut Pines",2025-02-20,1344,77.5
309,4.2,"Female",0,"Kola Nut Apartments",2024-10-31,8130,102.1
310,3.6,"Female",0,"Almond Village",2021-05-27,1060,100.9
311,9.8,"Female",0,"Hazelnut Inn",2020-12-15,1196,102.3
312,8.5,"Male",0,"Almond Village",2024-05-01,9410,98.3
313,15,"Male",0,"Peanut Pines",2024-03-08,8537,98.6
314,9.9,"Female",0,"Chestnut Suites",2024-09-29,9989,80.8
315,6.5,"Female",0,"Peanut Pines",2024-01-23,184,106.9
316,9.6,"Male",0,"Hazelnut Inn",2020-02-09,8774,107.7
317,15.7,"Female",0,"Kola Nut Apartments",2020-09-09,9867,108.7
318,5.5,"Female",0,"Hazelnut Inn",2022-07-02,3699,108.6
319,10.7,"Female",0,"Oak Hill Lounge",2025-04-19,3992,89.3
320,10.1,"Male",0,"Oak Hill Lounge",2025-03-02,467,106.7
321,8,"Female",0,"Peanut Pines",2020-07-26,2954,78.8
322,9,"Male",0,"Peanut Pines",2022-02-20,5686,96.8
323,8.8,"Female",0,"Oak Hill Lounge",2023-11-18,5189,103
324,12.9,"Female",0,"Oak Hill Lounge",2025-05-26,6445,121.5
325,13.3,"Male",0,"Hazelnut Inn",2021-06-26,5725,94.5
326,6.7,"Male",0,"Hazelnut Inn",2024-08-10,5166,91.8
327,6.8,"Male",0,"Kola Nut Apartments",2020-02-20,9309,105.1
328,3.7,"Male",0,"Hazelnut Inn",2020-02-08,3871,104.1
329,6.1,"Male",0,"Oak Hill Lounge",2025-07-03,6825,99.5
330,12.1,"Female",0,"Peanut Pines",2021-11-30,9632,81.2
331,4.2,"Male",0,"Almond Village",2022-01-20,5151,105.1
332,2.9,"Male",0,"Oak Hill Lounge",2025-03-24,858,94.4
333,11.3,"Male",0,"Kola Nut Apartments",2021-03-16,195,96.3
334,10.9,"Male",0,"Kola Nut Apartments",2021-06-25,199,86.3
335,7.8,"Female",0,"Chestnut Suites",2025-07-14,3709,97.8
336,6.8,"Male",0,"Hazelnut Inn",2020-09-06,4739,99.7
337,9.2,"Male",0,"Hazelnut Inn",2024-11-02,2572,99.1
338,9.1,"Male",0,"Kola Nut Apartments",2023-01-28,966,85.6
339,7.5,"Male",1,"Chestnut Suites",2024-06-07,2446,99005.3
340,10.3,"Male",1,"Chestnut Suites",2021-08-29,3487,99461.8
341,6.3,"Female",0,"Almond Village",2022-02-06,6437,97.7
342,5,"Female",0,"Hazelnut Inn",2022-05-05,1969,89.1
343,13.3,"Female",0,"Kola Nut Apartments",2020-03-30,2273,95.1
344,4.4,"Male",0,"Almond Village",2025-02-24,7704,88.6
345,3.7,"Female",0,"Hazelnut Inn",2021-02-09,752,85.9
346,8,"Female",0,"Peanut Pines",2020-09-10,4379,89.9
347,10.1,"Male",1,"Chestnut Suites",2022-03-07,3720,100900.6
348,11.6,"Female",0,"Almond Village",2024-12-30,5354,115.3
349,9.5,"Female",0,"Chestnut Suites",2023-12-09,4302,113
350,6.1,"Male",0,"Kola Nut Apartments",2022-07-09,5887,98.1
351,14.3,"Male",1,"Chestnut Suites",2022-02-03,8206,100130.9
352,10.1,"Male",0,"Hazelnut Inn",2022-06-30,5417,115
353,8.3,"Male",1,"Oak Hill Lounge",2022-08-03,1355,100383.6
354,9.5,"Female",0,"Chestnut Suites",2021-03-28,6393,93.4
355,6.8,"Female",0,"Peanut Pines",2020-05-18,9426,114.1
356,6.4,"Male",0,"Almond Village",2023-06-05,2394,124
357,1.8,"Female",0,"Kola Nut Apartments",2025-12-29,4437,100.9
358,6.2,"Male",0,"Hazelnut Inn",2024-05-22,7841,124.6
359,8.6,"Male",0,"Chestnut Suites",2021-05-02,4408,72.5
360,6.6,"Male",0,"Hazelnut Inn",2022-06-13,9764,117.9
361,7.6,"Male",0,"Kola Nut Apartments",2020-08-11,1385,94.3
362,7.9,"Female",0,"Peanut Pines",2025-12-02,718,89.1
363,4.4,"Female",0,"Hazelnut Inn",2025-10-18,4380,100.2
364,10.6,"Male",0,"Kola Nut Apartments",2025-09-21,8328,100.4
365,5,"Female",0,"Kola Nut Apartments",2021-08-26,7200,113.7
366,3.9,"Male",0,"Peanut Pines",2024-03-23,3593,97.5
367,10.4,"Male",0,"Oak Hill Lounge",2025-09-01,6962,98.2
368,8.5,"Male",0,"Oak Hill Lounge",2025-12-27,2853,89.4
369,13.9,"Female",0,"Peanut Pines",2025-02-07,1308,116.8
370,4.8,"Female",0,"Oak Hill Lounge",2020-10-27,1347,104.2
371,6.8,"Female",1,"Oak Hill Lounge",2025-10-08,6020,99346.1
372,2.6,"Male",0,"Peanut Pines",2021-02-21,5726,96.9
373,9.4,"Female",0,"Chestnut Suites",2020-04-06,299,92.8
374,6.7,"Male",1,"Chestnut Suites",2020-08-12,4159,99952.9
375,11.2,"Male",0,"Hazelnut Inn",2024-02-10,1222,110.2
376,6.2,"Male",0,"Kola Nut Apartments",2023-02-20,6475,74.9
377,5,"Male",0,"Almond Village",2021-11-04,6421,99
378,10.4,"Male",0,"Oak Hill Lounge",2021-11-02,6208,89.6
379,5.6,"Male",0,"Almond Village",2023-09-08,2399,117.9
380,7.5,"Male",0,"Kola Nut Apartments",2025-09-22,686,102.9
381,4.3,"Male",0,"Kola Nut Apartments",2024-10-25,3093,103.9
382,6,"Female",0,"Oak Hill Lounge",2025-03-07,5835,100.6
383,8.1,"Male",0,"Peanut Pines",2025-10-04,1663,84.2
384,16,"Female",0,"Hazelnut Inn",2023-07-30,2898,102.5
385,4.9,"Female",0,"Peanut Pines",2022-08-06,1492,107.4
386,3.6,"Male",0,"Almond Village",2023-11-25,7499,106.7
387,9.4,"Female",0,"Peanut Pines",2021-08-09,4474,108.8
388,8.2,"Male",0,"Peanut Pines",2020-06-15,2682,85.2
389,10.3,"Male",0,"Hazelnut Inn",2021-11-29,8583,87.1
390,8.1,"Female",0,"Kola Nut Apartments",2021-05-13,2282,101.8
391,10,"Male",0,"Oak Hill Lounge",2020-12-20,5974,100.2
392,7.1,"Female",0,"Kola Nut Apartments",2022-04-05,9123,96.9
393,6.9,"Male",0,"Kola Nut Apartments",2024-10-19,7170,126.8
394,5.2,"Female",0,"Peanut Pines",2025-03-27,4589,95.2
395,3.5,"Female",1,"Chestnut Suites",2023-08-06,1715,100134.1
396,7.9,"Female",0,"Peanut Pines",2021-01-08,7975,100.3
397,3.6,"Female",0,"Kola Nut Apartments",2024-11-13,4750,111.6
398,5.9,"Female",0,"Kola Nut Apartments",2025-09-01,4611,111.5
399,8.5,"Female",0,"Oak Hill Lounge",2024-07-15,4463,95.3
400,7.8,"Female",1,"Chestnut Suites",2021-02-24,5490,100401.7
401,7.2,"Male",0,"Almond Village",2024-02-13,4483,107.4
402,5.1,"Female",0,"Almond Village",2024-09-16,1046,109.8
403,5.9,"Female",1,"Chestnut Suites",2020-08-30,2995,99623.3
404,6.8,"Female",0,"Peanut Pines",2021-07-27,5022,104.5
405,4.4,"Male",0,"Chestnut Suites",2020-04-12,4953,96.4
406,4.1,"Male",1,"Chestnut Suites",2024-06-26,9424,99661.8
407,8.7,"Female",0,"Oak Hill Lounge",2025-06-16,9182,96.4
408,12.2,"Male",1,"Kola Nut Apartments",2023-05-25,9551,100150.6
409,5.7,"Male",0,"Oak Hill Lounge",2022-01-13,8010,111.4
410,8.8,"Female",0,"Oak Hill Lounge",2024-12-28,1242,104.4
411,10.6,"Male",0,"Hazelnut Inn",2021-09-06,2913,103.4
412,12,"Female",0,"Oak Hill Lounge",2025-02-08,9863,109.9
413,8.1,"Male",0,"Kola Nut Apartments",2020-07-25,7298,92.7
414,4.7,"Female",0,"Almond Village",2020-09-09,5191,112.6
415,12.5,"Male",0,"Hazelnut Inn",2024-08-09,8054,84.5
416,9.3,"Male",0,"Almond Village",2024-09-09,8112,114.4
417,5.8,"Female",0,"Peanut Pines",2020-10-03,3179,94.3
418,8.1,"Male",0,"Chestnut Suites",2022-03-19,3529,109.9
419,5.2,"Male",0,"Hazelnut Inn",2024-07-21,5052,108.9
420,8.6,"Male",0,"Oak Hill Lounge",2023-01-30,1265,106.4
421,6.8,"Male",0,"Peanut Pines",2024-06-27,3146,97.4
422,7.3,"Female",0,"Hazelnut Inn",2024-10-02,7218,113
423,6.9,"Female",0,"Oak Hill Lounge",2024-09-19,9892,99
424,4.1,"Female",0,"Kola Nut Apartments",2023-02-12,9977,97.8
425,4.6,"Female",0,"Oak Hill Lounge",2024-10-08,593,98.4
426,5.8,"Male",0,"Kola Nut Apartments",2025-04-20,3245,107.5
427,9.7,"Male",0,"Almond Village",2020-09-19,9462,103.1
428,10.6,"Female",0,"Almond Village",2021-09-03,1701,105.3
429,10.9,"Male",0,"Kola Nut Apartments",2022-01-12,6770,100.2
430,7,"Male",0,"Hazelnut Inn",2025-11-12,6314,106.1
431,12.5,"Female",0,"Chestnut Suites",2021-12-14,3400,109.2
432,10.3,"Male",0,"Peanut Pines",2021-11-20,1125,112.1
433,10.8,"Female",0,"Almond Village",2025-06-12,8459,111.4
434,7.2,"Male",0,"Almond Village",2023-08-05,1525,106.9
435,7.3,"Female",0,"Hazelnut Inn",2025-05-14,4532,111
436,7.6,"Male",0,"Oak Hill Lounge",2023-07-22,9624,120.5
437,15.4,"Male",0,"Kola Nut Apartments",2025-09-03,2368,100.4
438,14.4,"Female",0,"Almond Village",2022-05-22,6032,84.1
439,8.9,"Male",0,"Oak Hill Lounge",2025-06-13,2541,103.7
440,4.9,"Male",0,"Peanut Pines",2021-02-16,2642,102.1
441,10,"Female",0,"Chestnut Suites",2022-10-29,7773,85.3
442,8.1,"Male",1,"Chestnut Suites",2020-11-25,2002,99687.2
443,2.7,"Female",0,"Almond Village",2020-09-08,1963,102.2
444,10.3,"Male",0,"Hazelnut Inn",2023-06-02,7427,99
445,10.5,"Female",0,"Chestnut Suites",2022-01-24,6315,105.6
446,9.6,"Male",0,"Peanut Pines",2020-04-02,4807,92.5
447,5.3,"Female",0,"Oak Hill Lounge",2023-08-21,9515,100.1
448,4,"Male",0,"Hazelnut Inn",2024-06-24,9011,99.3
449,5,"Male",0,"Chestnut Suites",2020-09-30,8324,85.1
450,7.4,"Male",0,"Hazelnut Inn",2023-08-31,5565,112.2
451,12,"Male",0,"Almond Village",2024-10-18,3203,93.9
452,4.6,"Female",0,"Chestnut Suites",2021-09-21,7767,111.7
453,9.4,"Female",0,"Hazelnut Inn",2025-02-18,9389,118.9
454,6.8,"Male",0,"Kola Nut Apartments",2022-11-13,8595,87.9
455,9.6,"Male",0,"Hazelnut Inn",2023-11-08,2856,94.2
456,2.8,"Female",1,"Kola Nut Apartments",2025-04-30,8554,99696.6
457,5.2,"Male",1,"Chestnut Suites",2024-11-21,3340,100371.6
458,13.6,"Male",0,"Kola Nut Apartments",2022-09-01,9057,98.7
459,9.9,"Male",0,"Hazelnut Inn",2024-03-09,6021,89.5
460,11.3,"Male",0,"Almond Village",2020-05-06,3037,122.1
461,12.1,"Male",0,"Peanut Pines",2023-08-29,7019,79.4
462,6.2,"Male",0,"Peanut Pines",2023-01-06,2958,100.1
463,4.8,"Female",0,"Hazelnut Inn",2023-03-06,8687,90.3
464,9.4,"Male",0,"Chestnut Suites",2024-01-04,1377,108.7
465,10.7,"Male",0,"Hazelnut Inn",2023-03-18,1401,105
466,5.4,"Female",0,"Hazelnut Inn",2021-09-07,7925,108.2
467,13,"Male",0,"Oak Hill Lounge",2021-11-24,7118,117.6
468,1.7,"Female",0,"Peanut Pines",2020-03-12,5579,104.5
469,6.7,"Female",0,"Peanut Pines",2022-01-04,9366,112.8
470,12.4,"Male",0,"Kola Nut Apartments",2025-02-04,4915,113.1
471,4.9,"Female",0,"Hazelnut Inn",2020-05-01,7432,102.8
472,6.9,"Male",0,"Peanut Pines",2021-12-25,5768,83.1
473,1,"Female",0,"Chestnut Suites",2022-11-22,9636,112.1
474,9.4,"Male",1,"Chestnut Suites",2023-07-31,7067,100282.9
475,7.8,"Male",0,"Almond Village",2021-10-06,2245,116.4
476,7.5,"Female",1,"Chestnut Suites",2025-10-01,4916,100066.7
477,9.2,"Male",0,"Almond Village",2024-12-16,8910,101
478,14.1,"Male",0,"Oak Hill Lounge",2020-07-05,3607,106
479,8.4,"Male",1,"Chestnut Suites",2022-09-16,5624,100695.7
480,8.8,"Male",0,"Kola Nut Apartments",2021-11-06,4487,101.8
481,7.2,"Female",0,"Oak Hill Lounge",2021-06-03,9094,81.3
482,9.6,"Male",0,"Almond Village",2023-02-25,6298,106.3
483,9.1,"Female",0,"Peanut Pines",2024-03-10,8198,117.6
484,5,"Male",0,"Kola Nut Apartments",2023-05-26,6281,87.3
485,2,"Female",0,"Kola Nut Apartments",2024-10-18,5833,83.2
486,3.5,"Male",1,"Chestnut Suites",2021-12-02,5293,99479.1
487,10.4,"Female",0,"Peanut Pines",2024-10-24,7155,93.4
488,7,"Male",0,"Peanut Pines",2021-10-31,8969,95.3
489,8.8,"Male",0,"Peanut Pines",2022-11-01,4585,83
490,6.5,"Male",0,"Kola Nut Apartments",2024-12-31,63,107.8
491,13.8,"Male",0,"Kola Nut Apartments",2025-03-04,9819,93.7
492,10.1,"Male",0,"Kola Nut Apartments",2021-03-05,6287,81.8
493,11.9,"Female",0,"Chestnut Suites",2023-08-17,4188,106.7
494,2.8,"Female",0,"Almond Village",2022-11-07,6610,107.3
495,11.6,"Female",0,"Almond Village",2023-02-15,2062,104.2
496,8.6,"Female",0,"Hazelnut Inn",2021-07-16,2230,101.9
497,11.4,"Male",0,"Hazelnut Inn",2023-07-13,2758,89
498,4.1,"Female",0,"Peanut Pines",2024-12-22,4338,101.1
499,9.2,"Male",0,"Kola Nut Apartments",2020-08-06,419,96.1
500,-0.8,"Male",0,"Almond Village",2020-03-08,7756,105
501,7.1,"Female",1,"Hazelnut Inn",2024-03-12,1327,100141.3
502,8.4,"Female",0,"Almond Village",2021-09-11,7278,80.3
503,9.2,"Male",0,"Kola Nut Apartments",2023-09-12,214,97.9
504,7.5,"Male",0,"Almond Village",2020-02-26,8653,93.5
505,11.7,"Male",0,"Almond Village",2022-06-08,4058,91.3
506,13.1,"Male",0,"Hazelnut Inn",2024-03-02,4904,101.9
507,14.2,"Male",0,"Kola Nut Apartments",2022-08-25,8729,102.1
508,10.2,"Female",0,"Almond Village",2023-12-18,409,102.2
509,9.7,"Male",0,"Almond Village",2022-01-27,1476,103
510,4.6,"Male",0,"Hazelnut Inn",2021-06-18,3208,103.6
511,15.6,"Female",0,"Peanut Pines",2023-04-11,1516,88.9
512,11.9,"Female",0,"Kola Nut Apartments",2024-09-16,1272,106.4
513,8.8,"Female",0,"Chestnut Suites",2022-08-21,7291,109.3
514,4.1,"Male",0,"Oak Hill Lounge",2021-02-19,7030,100.2
515,5.7,"Female",0,"Hazelnut Inn",2023-08-12,7126,116
516,10.4,"Male",0,"Peanut Pines",2021-09-08,104,104.6
517,4.7,"Female",0,"Almond Village",2025-07-15,3827,110.5
518,5.9,"Male",0,"Kola Nut Apartments",2023-08-23,2638,99.8
519,10.9,"Female",0,"Kola Nut Apartments",2023-04-06,353,103.5
520,10.9,"Male",0,"Almond Village",2023-10-04,3080,107.5
521,9.1,"Male",0,"Peanut Pines",2025-11-04,7206,122.4
522,5.6,"Female",0,"Hazelnut Inn",2025-10-12,3549,108.7
523,12.3,"Female",0,"Oak Hill Lounge",2024-09-16,9348,111.2
524,6.6,"Male",0,"Almond Village",2020-08-23,3164,96.4
525,7,"Female",0,"Kola Nut Apartments",2021-02-12,4720,101.5
526,12.9,"Female",0,"Hazelnut Inn",2025-05-01,5773,116.5
527,5.3,"Male",0,"Kola Nut Apartments",2024-07-12,6879,101.1
528,5.2,"Male",0,"Oak Hill Lounge",2021-11-15,8667,95.1
529,9.2,"Female",0,"Kola Nut Apartments",2025-08-04,6313,115.7
530,13.2,"Female",0,"Chestnut Suites",2024-06-27,9516,81.6
531,9.9,"Male",0,"Peanut Pines",2022-06-30,9181,104.2
532,4.8,"Male",0,"Hazelnut Inn",2023-09-16,2638,96
533,8.3,"Female",0,"Peanut Pines",2023-09-15,2342,86.4
534,9.2,"Male",0,"Oak Hill Lounge",2021-07-01,1312,104.7
535,-2.3,"Male",0,"Peanut Pines",2022-02-21,7274,117.6
536,4.2,"Female",0,"Oak Hill Lounge",2025-09-01,6178,97.5
537,10.7,"Female",0,"Hazelnut Inn",2022-12-15,632,109.5
538,8.5,"Male",0,"Almond Village",2020-01-26,6280,106.2
539,7.3,"Female",0,"Peanut Pines",2021-01-02,8966,99.7
540,7.7,"Male",0,"Peanut Pines",2025-10-08,6207,117.9
541,7.1,"Male",0,"Chestnut Suites",2021-01-21,4829,100.9
542,8.8,"Male",0,"Kola Nut Apartments",2022-08-02,3639,114.2
543,9.7,"Male",0,"Oak Hill Lounge",2025-10-17,7136,99.5
544,10.8,"Female",1,"Kola Nut Apartments",2024-11-14,38,99417.2
545,7.1,"Female",0,"Hazelnut Inn",2024-09-15,4888,95.6
546,5.2,"Female",0,"Almond Village",2025-04-06,1664,95.8
547,3.5,"Male",0,"Peanut Pines",2020-11-11,3883,98.9
548,8.4,"Female",0,"Hazelnut Inn",2023-10-24,5365,97.9
549,2.8,"Female",1,"Chestnut Suites",2025-02-06,7604,100117.2
550,6.6,"Female",0,"Almond Village",2022-03-05,5559,100.2
551,11.6,"Female",0,"Peanut Pines",2024-06-20,3767,94.7
552,5,"Male",0,"Peanut Pines",2025-05-24,442,101.5
553,8.9,"Female",1,"Chestnut Suites",2025-11-10,4229,100550.5
554,8.8,"Female",0,"Oak Hill Lounge",2021-05-02,1018,96.4
555,6.5,"Female",0,"Hazelnut Inn",2024-03-07,8258,93
556,9.1,"Female",1,"Chestnut Suites",2025-09-12,3790,100097.5
557,11.6,"Male",0,"Hazelnut Inn",2025-07-19,2110,94.9
558,11.7,"Female",0,"Peanut Pines",2023-04-18,4517,93.5
559,4.2,"Male",0,"Hazelnut Inn",2022-10-06,1285,101.8
560,2.6,"Female",0,"Kola Nut Apartments",2022-08-02,4636,97
561,4.4,"Male",1,"Chestnut Suites",2022-07-19,2511,99259.4
562,9,"Male",1,"Hazelnut Inn",2021-05-29,5339,100160.6
563,13.6,"Female",1,"Chestnut Suites",2024-01-12,3794,99799.3
564,6.3,"Male",0,"Kola Nut Apartments",2025-01-10,210,114.2
565,6.8,"Male",0,"Kola Nut Apartments",2021-04-15,4179,102.8
566,2.2,"Male",0,"Oak Hill Lounge",2021-03-24,3931,102.7
567,13.3,"Male",0,"Oak Hill Lounge",2023-04-09,3370,94.3
568,12.1,"Male",0,"Chestnut Suites",2024-05-29,9848,115
569,8.7,"Male",0,"Kola Nut Apartments",2020-08-04,6453,90.5
570,5.1,"Female",0,"Oak Hill Lounge",2023-12-08,9811,107.4
571,14,"Male",0,"Peanut Pines",2025-01-26,150,99.3
572,6,"Female",0,"Hazelnut Inn",2023-06-23,8920,96
573,8.7,"Male",0,"Kola Nut Apartments",2024-12-20,5266,96.9
574,11.1,"Female",0,"Peanut Pines",2020-08-27,2679,91.6
575,4.7,"Male",0,"Oak Hill Lounge",2023-02-15,1324,106.2
576,5.6,"Male",0,"Almond Village",2025-11-08,4870,91.1
577,9.3,"Female",0,"Oak Hill Lounge",2025-11-16,3715,105.4
578,10,"Female",0,"Hazelnut Inn",2023-08-26,8142,94.1
579,6,"Female",0,"Hazelnut Inn",2022-02-09,281,90.3
580,3.8,"Male",1,"Peanut Pines",2025-07-03,9619,100532.8
581,9.8,"Female",0,"Hazelnut Inn",2023-05-17,1653,98.5
582,1.2,"Female",0,"Peanut Pines",2020-04-04,2654,94.8
583,14.8,"Female",0,"Oak Hill Lounge",2020-01-21,1309,99.1
584,4.7,"Male",0,"Hazelnut Inn",2024-04-04,8721,101.1
585,8,"Male",0,"Hazelnut Inn",2025-04-22,528,95
586,8.1,"Male",0,"Peanut Pines",2022-11-08,5578,94
587,2.9,"Female",0,"Kola Nut Apartments",2023-03-12,8940,91.7
588,5,"Female",0,"Oak Hill Lounge",2024-01-06,257,90.7
589,6.4,"Male",0,"Kola Nut Apartments",2024-07-08,2232,94.2
590,7.7,"Female",0,"Chestnut Suites",2022-01-10,6141,95.1
591,9.1,"Female",0,"Peanut Pines",2025-05-24,4392,102.8
592,13,"Female",0,"Kola Nut Apartments",2024-10-10,4623,97.8
593,8.4,"Female",0,"Kola Nut Apartments",2021-10-25,8575,108.3
594,4.8,"Female",0,"Almond Village",2022-09-28,884,98.1
595,15.2,"Male",0,"Oak Hill Lounge",2023-04-11,20,112.3
596,1,"Female",0,"Kola Nut Apartments",2023-06-13,6548,89.9
597,10.2,"Male",1,"Hazelnut Inn",2024-01-08,8201,100322.7
598,6.3,"Male",0,"Peanut Pines",2024-02-24,3032,88.5
599,8.3,"Female",0,"Peanut Pines",2024-02-15,2397,86.9
600,2.2,"Female",1,"Chestnut Suites",2023-04-01,3653,100511
601,6,"Female",0,"Peanut Pines",2022-10-11,3291,104.3
602,4.8,"Female",1,"Chestnut Suites",2020-04-04,9265,100833
603,8.4,"Male",0,"Peanut Pines",2024-07-12,7784,89.6
604,6.3,"Female",0,"Oak Hill Lounge",2021-03-08,8673,95.4
605,7.9,"Male",0,"Peanut Pines",2021-07-26,4622,118.2
606,7.1,"Male",0,"Peanut Pines",2022-03-17,8962,102
607,6.8,"Male",0,"Almond Village",2025-10-13,7705,91.1
608,8.9,"Male",0,"Oak Hill Lounge",2021-01-24,67,96.7
609,11.4,"Female",0,"Peanut Pines",2025-06-12,4129,103.7
610,8.5,"Male",0,"Peanut Pines",2023-11-26,4900,97.3
611,2.3,"Male",1,"Chestnut Suites",2022-11-18,1105,99787.6
612,14.1,"Male",0,"Hazelnut Inn",2020-09-19,9926,89
613,15.2,"Male",0,"Kola Nut Apartments",2023-11-29,7132,116.1
614,10.4,"Female",0,"Peanut Pines",2021-11-08,1859,84.7
615,6,"Female",0,"Peanut Pines",2022-06-16,4953,120.1
616,11.4,"Male",0,"Kola Nut Apartments",2025-08-16,7033,97.4
617,10.7,"Male",0,"Oak Hill Lounge",2022-01-31,7532,107.2
618,12.5,"Male",0,"Hazelnut Inn",2021-04-28,7305,98
619,8,"Male",0,"Peanut Pines",2023-09-27,6156,110.1
620,3.5,"Female",0,"Hazelnut Inn",2021-01-12,5903,104.9
621,6.8,"Male",0,"Oak Hill Lounge",2023-05-25,6202,91.9
622,1.7,"Male",1,"Chestnut Suites",2025-08-30,4551,100185.8
623,8.8,"Female",0,"Peanut Pines",2023-03-01,1212,95.7
624,6.1,"Male",1,"Hazelnut Inn",2025-10-13,1805,100107.1
625,6.1,"Male",0,"Kola Nut Apartments",2025-05-11,704,101.7
626,11.5,"Female",1,"Chestnut Suites",2020-09-20,7984,99123.4
627,6.1,"Male",0,"Kola Nut Apartments",2023-10-28,1973,101.5
628,9.5,"Female",0,"Kola Nut Apartments",2023-11-13,2673,89.6
629,6.7,"Male",0,"Peanut Pines",2020-12-15,5301,101.6
630,8.8,"Male",0,"Oak Hill Lounge",2024-07-21,4421,103.4
631,11.2,"Female",0,"Oak Hill Lounge",2021-04-28,9388,110.7
632,10.4,"Female",0,"Kola Nut Apartments",2021-06-15,3776,110.7
633,7.3,"Male",0,"Almond Village",2020-06-26,5634,92.6
634,2.7,"Male",0,"Oak Hill Lounge",2025-06-12,2191,104.7
635,9,"Male",1,"Chestnut Suites",2023-09-24,4277,99783.2
636,5.6,"Female",0,"Almond Village",2020-08-29,189,114.2
637,10.8,"Female",0,"Kola Nut Apartments",2021-02-02,4780,92.2
638,7.8,"Male",0,"Hazelnut Inn",2024-03-13,8158,104.8
639,11.9,"Male",0,"Hazelnut Inn",2024-01-29,3187,98.5
640,3.8,"Female",0,"Peanut Pines",2022-05-12,1127,105.8
641,8.3,"Male",0,"Almond Village",2025-03-09,6793,94
642,10.2,"Female",0,"Oak Hill Lounge",2023-02-08,4848,104.7
643,13.5,"Male",0,"Peanut Pines",2023-05-25,3800,109
644,10.6,"Male",0,"Kola Nut Apartments",2021-12-12,4956,115.4
645,7.6,"Female",0,"Hazelnut Inn",2023-03-08,2092,102.6
646,5.8,"Male",0,"Almond Village",2025-02-05,773,98
647,8.5,"Female",0,"Oak Hill Lounge",2022-02-07,5818,107.1
648,11.6,"Male",0,"Peanut Pines",2022-01-24,8429,86.8
649,10.3,"Male",0,"Peanut Pines",2022-02-07,6333,93.3
650,9.5,"Male",0,"Peanut Pines",2025-10-26,8266,103.7
651,4.5,"Female",0,"Oak Hill Lounge",2023-08-16,6599,93.7
652,10.4,"Male",0,"Oak Hill Lounge",2022-01-25,6152,116.4
653,8.9,"Female",0,"Oak Hill Lounge",2022-08-31,9864,122.9
654,11.5,"Male",0,"Peanut Pines",2024-02-21,3455,71.4
655,9,"Male",1,"Hazelnut Inn",2023-06-27,6258,99722.2
656,1.6,"Male",0,"Kola Nut Apartments",2020-06-09,8992,97.3
657,12.1,"Male",0,"Hazelnut Inn",2023-02-26,1885,115.2
658,7.6,"Female",0,"Almond Village",2024-01-01,6169,84.7
659,11.3,"Male",0,"Oak Hill Lounge",2022-06-08,1776,89.9
660,5.9,"Male",0,"Oak Hill Lounge",2021-11-29,1113,108.5
661,1.1,"Male",0,"Almond Village",2023-08-13,7361,109.7
662,3.3,"Female",0,"Kola Nut Apartments",2020-04-12,6970,113.9
663,11,"Female",0,"Oak Hill Lounge",2022-10-12,932,103.7
664,10.2,"Female",0,"Kola Nut Apartments",2024-06-05,1823,97.2
665,8.7,"Female",0,"Kola Nut Apartments",2023-08-26,6760,107.9
666,7.3,"Female",1,"Chestnut Suites",2023-11-17,4980,99515.2
667,9.1,"Female",0,"Almond Village",2020-02-14,6183,83.1
668,6.9,"Male",0,"Almond Village",2022-03-21,4431,115.1
669,-0.1,"Male",0,"Kola Nut Apartments",2024-11-13,2314,101
670,7.4,"Female",0,"Kola Nut Apartments",2023-02-17,2750,82.7
671,7.1,"Female",0,"Hazelnut Inn",2020-09-23,3168,104.4
672,3.6,"Female",0,"Almond Village",2022-03-08,1779,100.1
673,6.6,"Male",0,"Kola Nut Apartments",2024-11-25,6623,97.9
674,6.9,"Male",0,"Hazelnut Inn",2020-08-31,5312,99.3
675,6.3,"Female",0,"Oak Hill Lounge",2020-06-01,5883,97.1
676,5.7,"Male",0,"Almond Village",2023-10-26,1809,75.3
677,6,"Male",1,"Chestnut Suites",2020-05-29,6736,99652.6
678,13.8,"Male",0,"Almond Village",2024-04-11,7298,111.1
679,7.7,"Female",0,"Hazelnut Inn",2024-11-29,9690,93.1
680,7.3,"Female",0,"Hazelnut Inn",2023-12-27,6513,110.7
681,8.3,"Female",0,"Oak Hill Lounge",2025-10-07,5298,82.1
682,9.8,"Female",0,"Peanut Pines",2022-10-06,1356,109.7
683,12.2,"Female",0,"Almond Village",2020-09-14,4333,94.6
684,3.7,"Female",0,"Oak Hill Lounge",2024-02-07,7307,94.8
685,7.5,"Male",0,"Peanut Pines",2021-09-19,6945,96.5
686,9.1,"Male",0,"Peanut Pines",2025-05-19,7473,93.9
687,12.2,"Female",0,"Oak Hill Lounge",2020-07-29,5674,100.1
688,14.8,"Female",0,"Almond Village",2022-02-24,9082,105.1
689,4.9,"Female",1,"Chestnut Suites",2022-06-07,7369,100238.7
690,7.2,"Male",0,"Almond Village",2022-08-30,3269,100.8
691,8.1,"Female",0,"Peanut Pines",2023-08-23,2133,94.1
692,10.3,"Female",0,"Hazelnut Inn",2020-06-15,1798,96.3
693,12.9,"Male",0,"Oak Hill Lounge",2025-03-13,2794,110.7
694,8.6,"Male",0,"Kola Nut Apartments",2022-06-22,780,92.4
695,2.8,"Male",0,"Hazelnut Inn",2023-01-24,4966,99.8
696,9.4,"Male",0,"Hazelnut Inn",2024-05-10,5515,116.6
697,5.2,"Male",0,"Almond Village",2020-09-18,8834,107.2
698,4.8,"Female",1,"Chestnut Suites",2023-12-15,7117,100223.4
699,7.8,"Female",0,"Kola Nut Apartments",2023-01-21,1183,101.3
700,10.3,"Male",0,"Oak Hill Lounge",2022-10-09,2602,108.4
701,5.9,"Female",0,"Almond Village",2022-09-26,805,87.1
702,9.9,"Female",0,"Almond Village",2020-06-28,3964,99.8
703,7,"Female",0,"Hazelnut Inn",2021-04-28,3883,100.3
704,7.6,"Male",0,"Peanut Pines",2021-08-19,3497,84.1
705,7.9,"Male",1,"Chestnut Suites",2020-06-30,727,100155.4
706,10,"Male",0,"Almond Village",2025-10-04,6584,96.3
707,9.2,"Female",0,"Kola Nut Apartments",2024-05-30,7348,90.5
708,9.9,"Female",0,"Hazelnut Inn",2023-04-22,5711,107.4
709,13.3,"Male",0,"Almond Village",2023-05-26,3041,101.8
710,2.7,"Female",0,"Almond Village",2024-11-16,9300,105.1
711,4.8,"Male",0,"Kola Nut Apartments",2021-03-21,8979,102.7
712,9.8,"Male",0,"Kola Nut Apartments",2021-06-23,1649,100.6
713,5.2,"Male",0,"Almond Village",2022-11-14,9740,86.5
714,9,"Male",0,"Kola Nut Apartments",2022-05-29,3794,101.6
715,9.8,"Male",0,"Hazelnut Inn",2022-06-04,2188,95
716,4.1,"Female",0,"Chestnut Suites",2022-10-03,1734,116.9
717,11.2,"Female",0,"Kola Nut Apartments",2025-11-02,177,96.3
718,1.6,"Male",0,"Hazelnut Inn",2020-01-08,9065,79.4
719,8.7,"Male",0,"Peanut Pines",2025-04-07,3162,88.9
720,4.2,"Male",0,"Oak Hill Lounge",2025-08-10,9071,101.9
721,8.9,"Female",0,"Hazelnut Inn",2020-08-13,4431,110.2
722,9.5,"Female",1,"Hazelnut Inn",2020-06-17,8904,99763.9
723,4,"Male",0,"Kola Nut Apartments",2024-03-05,6136,118.2
724,8.2,"Female",0,"Kola Nut Apartments",2023-03-17,387,97.2
725,5.5,"Female",0,"Almond Village",2021-09-18,481,115.5
726,8.9,"Female",0,"Chestnut Suites",2025-12-06,7096,84.5
727,2.5,"Female",0,"Chestnut Suites",2022-11-23,4170,107.8
728,5.5,"Male",1,"Kola Nut Apartments",2023-12-27,3933,100949.5
729,7.8,"Female",0,"Peanut Pines",2023-06-29,6248,103.6
730,11.7,"Male",0,"Peanut Pines",2022-09-14,4049,98.5
731,2.9,"Male",1,"Chestnut Suites",2025-02-22,338,101497.8
732,10.7,"Female",0,"Oak Hill Lounge",2021-05-28,5501,82.6
733,7.1,"Male",0,"Chestnut Suites",2024-10-25,3941,105.1
734,9.4,"Male",0,"Peanut Pines",2021-07-11,1767,107.2
735,7.3,"Male",1,"Kola Nut Apartments",2024-07-25,1327,100270.2
736,11.9,"Male",0,"Hazelnut Inn",2022-08-25,9234,101.5
737,7.6,"Male",0,"Kola Nut Apartments",2023-05-03,616,92
738,7.9,"Female",0,"Almond Village",2024-05-16,6241,98.8
739,9,"Male",0,"Kola Nut Apartments",2025-04-26,7661,108.1
740,6.7,"Male",0,"Peanut Pines",2021-03-27,5776,95.3
741,7.2,"Male",0,"Oak Hill Lounge",2024-06-27,8629,111.4
742,7.5,"Male",0,"Oak Hill Lounge",2023-02-11,8499,114.1
743,1.6,"Female",0,"Hazelnut Inn",2020-12-18,7573,115.3
744,11,"Male",0,"Chestnut Suites",2023-06-20,1904,86.8
745,8.4,"Female",0,"Peanut Pines",2023-05-05,6694,100.9
746,11.9,"Male",1,"Oak Hill Lounge",2021-12-16,8977,99899.3
747,10.4,"Female",0,"Oak Hill Lounge",2023-08-08,4411,98.2
748,6.3,"Male",0,"Oak Hill Lounge",2020-03-16,2671,98.2
749,10.6,"Male",0,"Kola Nut Apartments",2021-12-18,7053,113.4
750,8.9,"Male",0,"Oak Hill Lounge",2022-07-08,6067,100.6
751,13.1,"Female",0,"Hazelnut Inn",2025-01-27,4064,96.4
752,5.1,"Male",0,"Peanut Pines",2021-02-05,4479,82.2
753,2.9,"Female",0,"Kola Nut Apartments",2025-03-30,8333,114
754,5.2,"Female",0,"Peanut Pines",2023-08-30,2783,91.7
755,5.7,"Female",1,"Kola Nut Apartments",2025-08-20,6899,100110.2
756,7.5,"Female",0,"Kola Nut Apartments",2021-07-02,2676,86
757,10.1,"Female",0,"Hazelnut Inn",2023-07-29,993,105.5
758,9.2,"Male",0,"Oak Hill Lounge",2021-01-17,5352,92.2
759,6.8,"Male",0,"Kola Nut Apartments",2022-02-16,4688,104
760,2.6,"Female",1,"Chestnut Suites",2025-04-22,8045,99924.2
761,10.9,"Female",1,"Chestnut Suites",2022-05-31,4528,99512.4
762,10.8,"Female",0,"Oak Hill Lounge",2025-11-13,6353,78.7
763,10.4,"Male",0,"Oak Hill Lounge",2023-04-07,5410,98.3
764,8.9,"Female",0,"Kola Nut Apartments",2021-02-26,1429,106.9
765,7.6,"Female",0,"Peanut Pines",2021-09-21,4649,90.7
766,9.9,"Female",1,"Hazelnut Inn",2020-07-01,9700,100723.8
767,10.2,"Female",0,"Oak Hill Lounge",2024-07-09,6199,92.2
768,9.8,"Male",0,"Oak Hill Lounge",2021-07-11,6584,92.2
769,13.2,"Male",0,"Peanut Pines",2024-02-06,8113,99.6
770,7.8,"Female",0,"Kola Nut Apartments",2022-02-26,4082,97.8
771,11.5,"Female",0,"Kola Nut Apartments",2021-04-09,8657,122.2
772,10.1,"Female",0,"Oak Hill Lounge",2022-04-28,4736,95.4
773,9.7,"Female",1,"Oak Hill Lounge",2020-08-22,2117,100567.1
774,5.9,"Male",0,"Almond Village",2024-04-26,5377,99.7
775,6.9,"Male",0,"Kola Nut Apartments",2020-02-17,1362,84.4
776,4.9,"Female",0,"Hazelnut Inn",2025-04-22,5590,92.1
777,9.8,"Male",0,"Peanut Pines",2021-03-18,7641,81.5
778,4.4,"Female",0,"Oak Hill Lounge",2021-08-15,7155,101.8
779,10.7,"Male",0,"Peanut Pines",2020-11-08,609,94
780,9.8,"Female",0,"Peanut Pines",2024-01-12,2438,98
781,8.1,"Female",0,"Almond Village",2021-05-18,6334,99.5
782,6.7,"Female",0,"Oak Hill Lounge",2025-12-08,7312,82.2
783,10.9,"Male",0,"Oak Hill Lounge",2024-05-11,6050,100.4
784,7,"Male",0,"Peanut Pines",2022-06-07,1934,92
785,8.1,"Male",0,"Oak Hill Lounge",2021-02-09,3204,98.2
786,1.2,"Male",1,"Chestnut Suites",2021-02-24,753,99933.5
787,10.8,"Male",0,"Kola Nut Apartments",2025-11-03,1605,90.6
788,7.1,"Female",0,"Kola Nut Apartments",2023-07-26,5241,115.8
789,10.5,"Female",0,"Kola Nut Apartments",2023-05-18,2428,99.2
790,6.5,"Female",0,"Almond Village",2023-01-01,2158,98.6
791,8,"Male",0,"Kola Nut Apartments",2023-02-23,9568,91.9
792,8.7,"Female",0,"Peanut Pines",2023-09-26,8498,105.1
793,8.3,"Male",0,"Almond Village",2025-03-02,6499,88.3
794,11.5,"Female",0,"Peanut Pines",2024-04-23,9890,107.3
795,7,"Female",0,"Peanut Pines",2024-11-22,9720,103.9
796,16.1,"Male",0,"Peanut Pines",2023-07-05,9453,84.5
797,8,"Male",1,"Chestnut Suites",2022-07-09,5093,100007.8
798,8,"Male",0,"Hazelnut Inn",2025-04-18,2426,96.9
799,11.8,"Female",1,"Chestnut Suites",2024-07-05,8558,100038.7
800,4.5,"Male",0,"Chestnut Suites",2020-05-31,6630,117.3
801,4.3,"Female",0,"Peanut Pines",2025-03-20,9949,96.3
802,8.6,"Female",0,"Oak Hill Lounge",2023-12-12,6359,97.4
803,6.7,"Female",0,"Oak Hill Lounge",2022-04-26,5824,108.4
804,8.2,"Female",0,"Almond Village",2024-07-18,9663,83.5
805,4.9,"Male",0,"Kola Nut Apartments",2025-10-27,9586,75.6
806,9.2,"Female",1,"Chestnut Suites",2021-09-15,9074,99113.6
807,8.8,"Female",0,"Hazelnut Inn",2023-03-17,8636,95
808,10.7,"Male",0,"Peanut Pines",2025-06-14,3452,103.5
809,5.5,"Female",0,"Kola Nut Apartments",2024-04-28,8023,93.6
810,7.6,"Female",0,"Oak Hill Lounge",2023-02-07,141,99.9
811,9.4,"Female",0,"Almond Village",2023-08-25,389,101.8
812,11.3,"Female",1,"Chestnut Suites",2020-09-14,7029,99752.1
813,5.6,"Male",0,"Almond Village",2024-05-13,213,114.2
814,6.3,"Male",0,"Almond Village",2020-09-17,4927,106.8
815,9.8,"Male",0,"Peanut Pines",2025-11-06,5950,99
816,7.1,"Female",0,"Hazelnut Inn",2022-02-08,938,88
817,9.6,"Male",0,"Hazelnut Inn",2024-09-27,7245,85.4
818,17.7,"Male",0,"Peanut Pines",2021-04-02,9504,99.3
819,5.2,"Female",0,"Hazelnut Inn",2022-07-16,3956,91.6
820,7.2,"Male",0,"Peanut Pines",2023-01-21,4438,117
821,8.3,"Male",1,"Chestnut Suites",2023-09-12,4504,100061.5
822,1.1,"Female",1,"Chestnut Suites",2025-05-06,1099,99581.7
823,4.1,"Male",0,"Almond Village",2022-02-06,2304,89.2
824,4.6,"Female",0,"Almond Village",2025-12-06,5501,96.3
825,5.3,"Female",0,"Almond Village",2025-08-22,4964,82.5
826,12.5,"Male",0,"Oak Hill Lounge",2025-04-25,8713,90.1
827,10.4,"Female",0,"Hazelnut Inn",2022-03-26,403,109.4
828,2.8,"Female",0,"Almond Village",2021-06-12,5389,100.7
829,8.9,"Female",0,"Almond Village",2022-07-17,7827,95.4
830,13.1,"Female",0,"Peanut Pines",2021-11-06,2503,100.8
831,10.6,"Male",0,"Almond Village",2020-08-25,214,110.5
832,3.3,"Male",0,"Hazelnut Inn",2021-09-29,1185,100.1
833,10.5,"Male",0,"Oak Hill Lounge",2022-12-28,1557,107.7
834,7.6,"Male",0,"Hazelnut Inn",2020-01-18,2199,101.5
835,4.8,"Female",0,"Hazelnut Inn",2022-03-15,8970,102.6
836,8.7,"Male",0,"Oak Hill Lounge",2020-08-10,1183,91.1
837,7.3,"Male",0,"Hazelnut Inn",2024-02-16,7682,80.3
838,7.7,"Male",0,"Hazelnut Inn",2024-11-30,6558,89.9
839,2.8,"Female",0,"Kola Nut Apartments",2020-02-04,6453,118.4
840,14.1,"Female",0,"Hazelnut Inn",2024-08-09,3222,96.3
841,4.7,"Male",0,"Almond Village",2024-02-09,5087,92.5
842,10.4,"Female",0,"Hazelnut Inn",2023-12-17,7603,102.3
843,6.9,"Male",0,"Chestnut Suites",2020-06-17,8454,128.7
844,6.7,"Male",0,"Kola Nut Apartments",2025-08-07,9491,106.7
845,11.6,"Female",1,"Chestnut Suites",2021-08-13,8365,100129.1
846,7.4,"Male",0,"Hazelnut Inn",2022-08-10,7485,91
847,6.5,"Male",0,"Oak Hill Lounge",2022-06-17,831,90.1
848,7.6,"Male",0,"Peanut Pines",2024-06-15,7004,125.2
849,11.5,"Male",0,"Chestnut Suites",2023-03-23,8882,107.9
850,8.1,"Male",0,"Oak Hill Lounge",2025-07-22,9058,85.6
851,6.9,"Male",0,"Kola Nut Apartments",2022-02-01,6852,99.5
852,10.6,"Female",0,"Peanut Pines",2020-05-26,1110,98.1
853,13.2,"Female",0,"Kola Nut Apartments",2025-08-19,5105,79.6
854,6.8,"Male",0,"Oak Hill Lounge",2022-04-09,8482,98.7
855,6.8,"Female",0,"Hazelnut Inn",2020-11-09,8343,110.5
856,7,"Male",0,"Kola Nut Apartments",2020-09-05,4755,116.7
857,9.2,"Male",0,"Oak Hill Lounge",2022-07-03,9421,83.1
858,1.8,"Female",0,"Peanut Pines",2023-02-25,4053,101.8
859,10.8,"Male",0,"Hazelnut Inn",2025-02-18,8413,87
860,6.5,"Female",0,"Almond Village",2025-08-13,6143,85.2
861,6.7,"Male",0,"Hazelnut Inn",2024-11-21,1172,117.8
862,10.1,"Male",0,"Kola Nut Apartments",2020-09-02,2752,108.9
863,9.4,"Male",0,"Almond Village",2023-10-26,5663,100.8
864,3,"Male",0,"Hazelnut Inn",2020-11-22,3249,98.1
865,9,"Male",0,"Hazelnut Inn",2020-09-11,4429,104.2
866,6.4,"Male",0,"Peanut Pines",2025-11-01,5487,97.4
867,11.5,"Male",0,"Peanut Pines",2021-07-01,3515,92.8
868,4.7,"Female",0,"Kola Nut Apartments",2021-11-11,8843,107.2
869,2.7,"Male",0,"Peanut Pines",2025-06-27,3104,86.8
870,4.5,"Male",0,"Hazelnut Inn",2023-03-24,8462,99.7
871,5.5,"Male",0,"Almond Village",2025-03-25,2534,85.4
872,10.1,"Male",1,"Almond Village",2021-12-08,5890,100133.6
873,10.9,"Female",0,"Almond Village",2021-08-30,7161,100.9
874,3.6,"Male",0,"Hazelnut Inn",2025-09-22,3307,105
875,6.2,"Female",0,"Oak Hill Lounge",2023-02-14,1824,92.6
876,11.7,"Female",0,"Almond Village",2025-09-16,3479,100.8
877,6.9,"Female",0,"Chestnut Suites",2024-05-27,1065,77.6
878,5.8,"Female",0,"Oak Hill Lounge",2023-12-21,1482,103.2
879,2.7,"Female",0,"Oak Hill Lounge",2024-08-22,3611,96.8
880,3.8,"Female",0,"Peanut Pines",2021-08-29,1783,105.8
881,10.7,"Female",0,"Almond Village",2025-01-23,9490,93.1
882,10.9,"Male",0,"Hazelnut Inn",2024-04-06,2987,92.8
883,9.5,"Male",0,"Peanut Pines",2025-01-24,1607,103.2
884,6.7,"Male",1,"Chestnut Suites",2021-11-12,6517,100360.9
885,7.8,"Female",0,"Chestnut Suites",2024-10-10,1933,99.1
886,13.6,"Female",1,"Chestnut Suites",2023-02-20,5505,99345.1
887,8.9,"Female",0,"Peanut Pines",2023-11-19,5075,106.5
888,7.4,"Female",0,"Hazelnut Inn",2023-05-22,3114,96
889,10.7,"Male",0,"Kola Nut Apartments",2023-01-27,7082,102.1
890,8.9,"Female",0,"Kola Nut Apartments",2025-10-20,148,101.4
891,3.2,"Male",0,"Almond Village",2023-04-01,3560,93.8
892,4.6,"Female",0,"Oak Hill Lounge",2021-11-28,6441,92.1
893,4.7,"Male",0,"Peanut Pines",2025-03-27,502,102.3
894,6,"Male",0,"Almond Village",2023-09-09,5689,110.1
895,10.1,"Female",0,"Oak Hill Lounge",2020-06-14,8197,117.5
896,14.9,"Female",0,"Hazelnut Inn",2023-12-24,4917,104.9
897,12.5,"Male",0,"Peanut Pines",2020-08-22,7260,101.5
898,7.1,"Male",0,"Almond Village",2023-11-19,5077,77.3
899,7.9,"Female",0,"Hazelnut Inn",2023-08-15,4032,102.6
900,11.4,"Male",0,"Hazelnut Inn",2022-06-04,2512,98
901,5.4,"Female",0,"Hazelnut Inn",2025-07-23,7213,87.8
902,15.2,"Female",0,"Peanut Pines",2020-10-26,2564,108.1
903,4.2,"Male",0,"Almond Village",2021-08-01,9983,88.2
904,4.6,"Male",0,"Almond Village",2025-09-09,884,113.2
905,11.5,"Female",0,"Chestnut Suites",2024-02-15,675,95.7
906,10.3,"Male",0,"Oak Hill Lounge",2023-01-17,4980,92.8
907,1.5,"Female",0,"Kola Nut Apartments",2022-12-17,5689,92.9
908,3.6,"Female",0,"Kola Nut Apartments",2022-03-11,7523,89.7
909,13.1,"Male",0,"Almond Village",2023-07-01,3682,106.5
910,5.4,"Female",0,"Almond Village",2024-04-24,6200,109.3
911,5.4,"Male",0,"Hazelnut Inn",2020-11-22,7118,106.5
912,7.6,"Male",0,"Kola Nut Apartments",2024-09-16,3884,98.1
913,9.8,"Male",0,"Almond Village",2023-09-18,7862,120.8
914,9.8,"Female",0,"Hazelnut Inn",2022-09-24,4662,93.2
915,10.5,"Female",0,"Peanut Pines",2021-05-21,7113,85.4
916,12.2,"Male",0,"Hazelnut Inn",2023-07-26,5891,97.8
917,2.3,"Female",0,"Oak Hill Lounge",2022-06-07,7955,92.4
918,11.2,"Female",0,"Oak Hill Lounge",2024-12-14,700,85.7
919,6.4,"Female",0,"Kola Nut Apartments",2021-06-22,8543,115.5
920,12.7,"Female",0,"Kola Nut Apartments",2021-09-16,6563,84.4
921,11,"Female",0,"Hazelnut Inn",2021-09-23,2351,106.1
922,5.4,"Male",0,"Hazelnut Inn",2022-09-22,7394,89.7
923,4.9,"Male",0,"Peanut Pines",2021-10-29,6527,91.7
924,10.3,"Male",0,"Chestnut Suites",2023-09-07,1254,73.4
925,6.2,"Female",0,"Chestnut Suites",2023-09-21,5442,103.8
926,7.6,"Male",0,"Oak Hill Lounge",2021-02-06,427,86.6
927,8.2,"Female",0,"Hazelnut Inn",2021-02-06,9562,93.1
928,5.2,"Female",0,"Peanut Pines",2023-08-20,6049,101.8
929,7.4,"Male",0,"Kola Nut Apartments",2022-02-05,8488,101.8
930,10.4,"Female",0,"Peanut Pines",2022-05-27,9094,95.3
931,8,"Female",0,"Hazelnut Inn",2020-09-08,6503,87.2
932,6.8,"Female",0,"Almond Village",2020-06-13,6351,92.2
933,12,"Female",0,"Oak Hill Lounge",2024-07-23,717,97.9
934,3.8,"Female",0,"Oak Hill Lounge",2022-09-12,9903,107.3
935,9.4,"Male",0,"Chestnut Suites",2020-06-13,7422,94.9
936,7.7,"Male",1,"Chestnut Suites",2021-11-06,7701,99404.7
937,4.7,"Female",1,"Peanut Pines",2025-04-28,3784,100308.5
938,7.3,"Female",0,"Peanut Pines",2025-02-15,3435,96.7
939,5.8,"Female",0,"Hazelnut Inn",2021-03-11,7065,105.4
940,4.7,"Female",0,"Hazelnut Inn",2021-07-31,3442,102
941,5.8,"Male",0,"Almond Village",2022-11-19,5707,112
942,14.5,"Male",1,"Chestnut Suites",2022-03-27,4147,99724.8
943,3.6,"Female",0,"Peanut Pines",2021-04-12,9139,98.7
944,8.9,"Female",1,"Chestnut Suites",2022-07-16,7775,101101.8
945,7.5,"Male",0,"Oak Hill Lounge",2025-12-12,2219,112.7
946,4.2,"Male",0,"Oak Hill Lounge",2023-10-23,6096,108.4
947,9.7,"Female",0,"Hazelnut Inn",2025-04-04,4310,75.4
948,5.5,"Male",1,"Chestnut Suites",2021-03-10,2038,99267.2
949,10.6,"Female",0,"Hazelnut Inn",2024-06-11,9815,109
950,7.4,"Female",1,"Chestnut Suites",2025-08-28,8561,99686.9
951,10.2,"Male",0,"Peanut Pines",2021-08-29,7480,98.1
952,5.9,"Male",0,"Peanut Pines",2022-10-07,2912,113.4
953,11.7,"Male",0,"Peanut Pines",2023-01-11,223,91.1
954,6.2,"Male",0,"Kola Nut Apartments",2022-01-21,1390,101.3
955,7,"Female",0,"Kola Nut Apartments",2025-01-05,7124,96.5
956,12.8,"Male",0,"Hazelnut Inn",2025-08-10,4071,101.8
957,7.8,"Male",0,"Hazelnut Inn",2021-03-15,501,104.4
958,9.2,"Male",0,"Hazelnut Inn",2023-06-19,5066,114.7
959,6.4,"Female",0,"Almond Village",2022-01-20,6422,103.8
960,12.6,"Male",0,"Peanut Pines",2025-06-11,738,124.3
961,7.7,"Female",1,"Hazelnut Inn",2022-10-03,1994,100390.9
962,5.6,"Male",0,"Chestnut Suites",2023-06-23,2768,99.4
963,2.9,"Male",0,"Almond Village",2025-11-28,4164,92.5
964,12.2,"Female",0,"Hazelnut Inn",2022-12-14,8094,79.3
965,6.1,"Male",0,"Peanut Pines",2020-04-10,7926,101.4
966,8.7,"Female",0,"Kola Nut Apartments",2023-04-13,6463,101.8
967,9.5,"Female",0,"Peanut Pines",2020-07-21,3861,104.4
968,3,"Male",0,"Oak Hill Lounge",2022-09-14,9298,97.9
969,5.6,"Male",0,"Hazelnut Inn",2020-02-09,9969,105.4
970,6.2,"Female",0,"Peanut Pines",2025-07-08,5104,95.4
971,12.4,"Male",0,"Oak Hill Lounge",2025-06-21,5954,92.3
972,6.6,"Female",0,"Hazelnut Inn",2023-10-02,6933,92.2
973,11.1,"Female",0,"Oak Hill Lounge",2021-02-21,1952,87.1
974,11.2,"Male",0,"Oak Hill Lounge",2025-07-02,1777,99.1
975,8.7,"Female",0,"Hazelnut Inn",2022-11-18,5773,109
976,6.1,"Female",0,"Kola Nut Apartments",2025-09-21,726,107.7
977,8.1,"Female",0,"Oak Hill Lounge",2020-08-30,8011,111.2
978,8.1,"Female",0,"Kola Nut Apartments",2023-04-26,9877,94.2
979,8.5,"Male",0,"Hazelnut Inn",2021-06-22,8710,106.2
980,11.5,"Male",0,"Kola Nut Apartments",2022-10-05,6144,79.9
981,7.6,"Male",0,"Hazelnut Inn",2022-05-14,9614,102.3
982,10.2,"Male",0,"Almond Village",2025-10-16,2805,105.8
983,8.2,"Male",0,"Kola Nut Apartments",2020-02-01,7016,105
984,11,"Female",0,"Hazelnut Inn",2022-04-26,3991,109.5
985,6.3,"Female",0,"Almond Village",2022-01-27,8724,110.7
986,3.8,"Female",1,"Almond Village",2020-03-26,6297,100164.1
987,7.6,"Female",0,"Almond Village",2024-03-26,397,112.6
988,12,"Male",0,"Hazelnut Inn",2023-05-16,5711,94.5
989,11.8,"Male",0,"Peanut Pines",2025-01-24,1844,109.3
990,7.3,"Male",0,"Oak Hill Lounge",2020-07-18,8580,104
991,5.8,"Male",0,"Kola Nut Apartments",2020-01-10,8461,105.7
992,4.6,"Male",0,"Kola Nut Apartments",2024-06-08,8482,76.6
993,9.6,"Male",0,"Almond Village",2022-12-16,5757,117.1
994,7.6,"Male",0,"Oak Hill Lounge",2022-05-07,1088,106.8
995,7.9,"Female",0,"Peanut Pines",2025-12-23,4578,76.8
996,15,"Male",0,"Kola Nut Apartments",2021-06-01,385,107.7
997,6.2,"Female",0,"Hazelnut Inn",2024-01-25,9810,96.3
998,9.4,"Male",0,"Almond Village",2024-06-11,5140,101.5
999,9.7,"Female",0,"Hazelnut Inn",2020-06-19,6284,127.7
1000,9.4,"Male",0,"Peanut Pines",2024-01-08,8109,111
